[
    {
        "pk": 1, 
        "model": "windberg_register.agegroup", 
        "fields": {
            "max_age": 34, 
            "short": "M30", 
            "is_pseudo": false, 
            "name": "Senioren M30", 
            "gender": "M", 
            "min_age": 30, 
            "is_detail": false
        }
    }, 
    {
        "pk": 2, 
        "model": "windberg_register.agegroup", 
        "fields": {
            "max_age": 39, 
            "short": "M35", 
            "is_pseudo": false, 
            "name": "Senioren M35", 
            "gender": "M", 
            "min_age": 35, 
            "is_detail": false
        }
    }, 
    {
        "pk": 3, 
        "model": "windberg_register.agegroup", 
        "fields": {
            "max_age": 44, 
            "short": "M40", 
            "is_pseudo": false, 
            "name": "Senioren M40", 
            "gender": "M", 
            "min_age": 40, 
            "is_detail": false
        }
    }, 
    {
        "pk": 4, 
        "model": "windberg_register.agegroup", 
        "fields": {
            "max_age": 49, 
            "short": "M45", 
            "is_pseudo": false, 
            "name": "Senioren M45", 
            "gender": "M", 
            "min_age": 45, 
            "is_detail": false
        }
    }, 
    {
        "pk": 5, 
        "model": "windberg_register.agegroup", 
        "fields": {
            "max_age": 54, 
            "short": "M50", 
            "is_pseudo": false, 
            "name": "Senioren M50", 
            "gender": "M", 
            "min_age": 50, 
            "is_detail": false
        }
    }, 
    {
        "pk": 6, 
        "model": "windberg_register.agegroup", 
        "fields": {
            "max_age": 59, 
            "short": "M55", 
            "is_pseudo": false, 
            "name": "Senioren M55", 
            "gender": "M", 
            "min_age": 55, 
            "is_detail": false
        }
    }, 
    {
        "pk": 7, 
        "model": "windberg_register.agegroup", 
        "fields": {
            "max_age": 64, 
            "short": "M60", 
            "is_pseudo": false, 
            "name": "Senioren M60", 
            "gender": "M", 
            "min_age": 60, 
            "is_detail": false
        }
    }, 
    {
        "pk": 8, 
        "model": "windberg_register.agegroup", 
        "fields": {
            "max_age": 69, 
            "short": "M65", 
            "is_pseudo": false, 
            "name": "Senioren M65", 
            "gender": "M", 
            "min_age": 65, 
            "is_detail": false
        }
    }, 
    {
        "pk": 9, 
        "model": "windberg_register.agegroup", 
        "fields": {
            "max_age": 74, 
            "short": "M70", 
            "is_pseudo": false, 
            "name": "Senioren M70", 
            "gender": "M", 
            "min_age": 70, 
            "is_detail": false
        }
    }, 
    {
        "pk": 10, 
        "model": "windberg_register.agegroup", 
        "fields": {
            "max_age": 79, 
            "short": "M75", 
            "is_pseudo": false, 
            "name": "Senioren M75", 
            "gender": "M", 
            "min_age": 75, 
            "is_detail": false
        }
    }, 
    {
        "pk": 11, 
        "model": "windberg_register.agegroup", 
        "fields": {
            "max_age": 84, 
            "short": "M80", 
            "is_pseudo": false, 
            "name": "Senioren M80", 
            "gender": "M", 
            "min_age": 80, 
            "is_detail": false
        }
    }, 
    {
        "pk": 12, 
        "model": "windberg_register.agegroup", 
        "fields": {
            "max_age": 115, 
            "short": "M85", 
            "is_pseudo": false, 
            "name": "Senioren M85", 
            "gender": "M", 
            "min_age": 85, 
            "is_detail": false
        }
    }, 
    {
        "pk": 13, 
        "model": "windberg_register.agegroup", 
        "fields": {
            "max_age": 34, 
            "short": "W30", 
            "is_pseudo": false, 
            "name": "Seniorinnen W30", 
            "gender": "F", 
            "min_age": 30, 
            "is_detail": false
        }
    }, 
    {
        "pk": 14, 
        "model": "windberg_register.agegroup", 
        "fields": {
            "max_age": 39, 
            "short": "W35", 
            "is_pseudo": false, 
            "name": "Seniorinnen W35", 
            "gender": "F", 
            "min_age": 35, 
            "is_detail": false
        }
    }, 
    {
        "pk": 15, 
        "model": "windberg_register.agegroup", 
        "fields": {
            "max_age": 44, 
            "short": "W40", 
            "is_pseudo": false, 
            "name": "Seniorinnen W40", 
            "gender": "F", 
            "min_age": 40, 
            "is_detail": false
        }
    }, 
    {
        "pk": 16, 
        "model": "windberg_register.agegroup", 
        "fields": {
            "max_age": 49, 
            "short": "W45", 
            "is_pseudo": false, 
            "name": "Seniorinnen W45", 
            "gender": "F", 
            "min_age": 45, 
            "is_detail": false
        }
    }, 
    {
        "pk": 17, 
        "model": "windberg_register.agegroup", 
        "fields": {
            "max_age": 54, 
            "short": "W50", 
            "is_pseudo": false, 
            "name": "Seniorinnen W50", 
            "gender": "F", 
            "min_age": 50, 
            "is_detail": false
        }
    }, 
    {
        "pk": 18, 
        "model": "windberg_register.agegroup", 
        "fields": {
            "max_age": 59, 
            "short": "W55", 
            "is_pseudo": false, 
            "name": "Seniorinnen W55", 
            "gender": "F", 
            "min_age": 55, 
            "is_detail": false
        }
    }, 
    {
        "pk": 19, 
        "model": "windberg_register.agegroup", 
        "fields": {
            "max_age": 64, 
            "short": "W60", 
            "is_pseudo": false, 
            "name": "Seniorinnen W60", 
            "gender": "F", 
            "min_age": 60, 
            "is_detail": false
        }
    }, 
    {
        "pk": 20, 
        "model": "windberg_register.agegroup", 
        "fields": {
            "max_age": 69, 
            "short": "W65", 
            "is_pseudo": false, 
            "name": "Seniorinnen W65", 
            "gender": "F", 
            "min_age": 65, 
            "is_detail": false
        }
    }, 
    {
        "pk": 21, 
        "model": "windberg_register.agegroup", 
        "fields": {
            "max_age": 74, 
            "short": "W70", 
            "is_pseudo": false, 
            "name": "Seniorinnen W70", 
            "gender": "F", 
            "min_age": 70, 
            "is_detail": false
        }
    }, 
    {
        "pk": 22, 
        "model": "windberg_register.agegroup", 
        "fields": {
            "max_age": 79, 
            "short": "W75", 
            "is_pseudo": false, 
            "name": "Seniorinnen W75", 
            "gender": "F", 
            "min_age": 75, 
            "is_detail": false
        }
    }, 
    {
        "pk": 23, 
        "model": "windberg_register.agegroup", 
        "fields": {
            "max_age": 84, 
            "short": "W80", 
            "is_pseudo": false, 
            "name": "Seniorinnen W80", 
            "gender": "F", 
            "min_age": 80, 
            "is_detail": false
        }
    }, 
    {
        "pk": 24, 
        "model": "windberg_register.agegroup", 
        "fields": {
            "max_age": 115, 
            "short": "W85", 
            "is_pseudo": false, 
            "name": "Seniorinnen W85", 
            "gender": "F", 
            "min_age": 85, 
            "is_detail": false
        }
    }, 
    {
        "pk": 25, 
        "model": "windberg_register.agegroup", 
        "fields": {
            "max_age": 29, 
            "short": "M20", 
            "is_pseudo": false, 
            "name": "M\u00e4nner M20", 
            "gender": "M", 
            "min_age": 20, 
            "is_detail": false
        }
    }, 
    {
        "pk": 26, 
        "model": "windberg_register.agegroup", 
        "fields": {
            "max_age": 29, 
            "short": "W20", 
            "is_pseudo": false, 
            "name": "Frauen W20", 
            "gender": "F", 
            "min_age": 20, 
            "is_detail": false
        }
    }, 
    {
        "pk": 27, 
        "model": "windberg_register.agegroup", 
        "fields": {
            "max_age": 13, 
            "short": "MJ U14", 
            "is_pseudo": false, 
            "name": "m\u00e4nnliche Jugend U14", 
            "gender": "M", 
            "min_age": 12, 
            "is_detail": false
        }
    }, 
    {
        "pk": 28, 
        "model": "windberg_register.agegroup", 
        "fields": {
            "max_age": 15, 
            "short": "MJ U16", 
            "is_pseudo": false, 
            "name": "m\u00e4nnliche Jugend U16", 
            "gender": "M", 
            "min_age": 14, 
            "is_detail": false
        }
    }, 
    {
        "pk": 29, 
        "model": "windberg_register.agegroup", 
        "fields": {
            "max_age": 17, 
            "short": "MJ U18", 
            "is_pseudo": false, 
            "name": "m\u00e4nnliche Jugend U18", 
            "gender": "M", 
            "min_age": 16, 
            "is_detail": false
        }
    }, 
    {
        "pk": 30, 
        "model": "windberg_register.agegroup", 
        "fields": {
            "max_age": 19, 
            "short": "MJ U20", 
            "is_pseudo": false, 
            "name": "m\u00e4nnliche Jugend U20", 
            "gender": "M", 
            "min_age": 18, 
            "is_detail": false
        }
    }, 
    {
        "pk": 31, 
        "model": "windberg_register.agegroup", 
        "fields": {
            "max_age": 13, 
            "short": "WJ U14", 
            "is_pseudo": false, 
            "name": "weibliche Jugend U14", 
            "gender": "F", 
            "min_age": 12, 
            "is_detail": false
        }
    }, 
    {
        "pk": 32, 
        "model": "windberg_register.agegroup", 
        "fields": {
            "max_age": 15, 
            "short": "WJ U16", 
            "is_pseudo": false, 
            "name": "weibliche Jugend U16", 
            "gender": "F", 
            "min_age": 14, 
            "is_detail": false
        }
    }, 
    {
        "pk": 33, 
        "model": "windberg_register.agegroup", 
        "fields": {
            "max_age": 17, 
            "short": "WJ U18", 
            "is_pseudo": false, 
            "name": "weibliche Jugend U18", 
            "gender": "F", 
            "min_age": 16, 
            "is_detail": false
        }
    }, 
    {
        "pk": 34, 
        "model": "windberg_register.agegroup", 
        "fields": {
            "max_age": 19, 
            "short": "WJ U20", 
            "is_pseudo": false, 
            "name": "weibliche Jugend U20", 
            "gender": "F", 
            "min_age": 18, 
            "is_detail": false
        }
    }, 
    {
        "pk": 35, 
        "model": "windberg_register.agegroup", 
        "fields": {
            "max_age": 9, 
            "short": "MK U10", 
            "is_pseudo": false, 
            "name": "m\u00e4nnliche Kinder U10", 
            "gender": "M", 
            "min_age": 8, 
            "is_detail": false
        }
    }, 
    {
        "pk": 36, 
        "model": "windberg_register.agegroup", 
        "fields": {
            "max_age": 11, 
            "short": "MK U12", 
            "is_pseudo": false, 
            "name": "m\u00e4nnliche Kinder U12", 
            "gender": "M", 
            "min_age": 10, 
            "is_detail": false
        }
    }, 
    {
        "pk": 37, 
        "model": "windberg_register.agegroup", 
        "fields": {
            "max_age": 7, 
            "short": "MK U8", 
            "is_pseudo": false, 
            "name": "m\u00e4nnliche Kinder U8", 
            "gender": "M", 
            "min_age": 0, 
            "is_detail": false
        }
    }, 
    {
        "pk": 38, 
        "model": "windberg_register.agegroup", 
        "fields": {
            "max_age": 9, 
            "short": "WK U10", 
            "is_pseudo": false, 
            "name": "weibliche Kinder U10", 
            "gender": "F", 
            "min_age": 8, 
            "is_detail": false
        }
    }, 
    {
        "pk": 39, 
        "model": "windberg_register.agegroup", 
        "fields": {
            "max_age": 11, 
            "short": "WK U12", 
            "is_pseudo": false, 
            "name": "weibliche Kinder U12", 
            "gender": "F", 
            "min_age": 10, 
            "is_detail": false
        }
    }, 
    {
        "pk": 40, 
        "model": "windberg_register.agegroup", 
        "fields": {
            "max_age": 7, 
            "short": "WK U8", 
            "is_pseudo": false, 
            "name": "weibliche Kinder U8", 
            "gender": "F", 
            "min_age": 0, 
            "is_detail": false
        }
    }, 
    {
        "pk": 41, 
        "model": "windberg_register.agegroup", 
        "fields": {
            "max_age": 150, 
            "short": "M", 
            "is_pseudo": true, 
            "name": "M\u00e4nner offene Klasse", 
            "gender": "M", 
            "min_age": 20, 
            "is_detail": false
        }
    }, 
    {
        "pk": 42, 
        "model": "windberg_register.agegroup", 
        "fields": {
            "max_age": 150, 
            "short": "W", 
            "is_pseudo": true, 
            "name": "Frauen offene Klasse", 
            "gender": "F", 
            "min_age": 20, 
            "is_detail": false
        }
    }, 
    {
        "pk": 1, 
        "model": "windberg_register.run", 
        "fields": {
            "distance": 800, 
            "possible_ages": [
                35
            ],
            "name": "800m WK U10",
            "has_ages": false
        }
    },
    {
        "pk": 2,
        "model": "windberg_register.run",
        "fields": {
            "distance": 800,
            "possible_ages": [
                39
            ],
            "name": "800m WK U12",
            "has_ages": false
        }
    },
    {
        "pk": 3,
        "model": "windberg_register.run",
        "fields": {
            "distance": 1000,
            "possible_ages": [
                35
            ],
            "name": "1.000m MK U10",
            "has_ages": false
        }
    },
    {
        "pk": 4,
        "model": "windberg_register.run",
        "fields": {
            "distance": 1000,
            "possible_ages": [
                39
            ],
            "name": "1.000m MK U12",
            "has_ages": false
        }
    },
    {
        "pk": 5,
        "model": "windberg_register.run",
        "fields": {
            "distance": 3000,
            "possible_ages": [
                29
            ],
            "name": "3km m\u00e4nnliche Jugend U18",
            "has_ages": false
        }
    },
    {
        "pk": 6,
        "model": "windberg_register.run",
        "fields": {
            "distance": 3000,
            "possible_ages": [
                30
            ],
            "name": "3km m\u00e4nnliche Jugend U20",
            "has_ages": false
        }
    },
    {
        "pk": 7,
        "model": "windberg_register.run",
        "fields": {
            "distance": 3000,
            "possible_ages": [
                41
            ],
            "name": "3km M\u00e4nner offene Klasse",
            "has_ages": false
        }
    },
    {
        "pk": 8,
        "model": "windberg_register.run",
        "fields": {
            "distance": 3000,
            "possible_ages": [
                8,
                9,
                10,
                11,
                12
            ],
            "name": "3km M65 bis M85",
            "has_ages": true
        }
    },
    {
        "pk": 9,
        "model": "windberg_register.run",
        "fields": {
            "distance": 3000,
            "possible_ages": [
                42
            ],
            "name": "3km Frauen offene Klasse",
            "has_ages": false
        }
    },
    {
        "pk": 10,
        "model": "windberg_register.run",
        "fields": {
            "distance": 3000,
            "possible_ages": [
                19,
                20,
                21,
                22,
                23,
                24
            ],
            "name": "3km W60 bis W85",
            "has_ages": true
        }
    },
    {
        "pk": 11,
        "model": "windberg_register.run",
        "fields": {
            "distance": 1000,
            "possible_ages": [
                31
            ],
            "name": "1.000m WJ U14",
            "has_ages": false
        }
    },
    {
        "pk": 12,
        "model": "windberg_register.run",
        "fields": {
            "distance": 1000,
            "possible_ages": [
                32
            ],
            "name": "1.000m weibliche Jugend U16",
            "has_ages": false
        }
    },
    {
        "pk": 13,
        "model": "windberg_register.run",
        "fields": {
            "distance": 600,
            "possible_ages": [
                37
            ],
            "name": "600m m\u00e4nnliche Kinder U8",
            "has_ages": false
        }
    },
    {
        "pk": 14,
        "model": "windberg_register.run",
        "fields": {
            "distance": 600,
            "possible_ages": [
                40
            ],
            "name": "600m weibliche Kinder U8",
            "has_ages": false
        }
    },
    {
        "pk": 15,
        "model": "windberg_register.run",
        "fields": {
            "distance": 1500,
            "possible_ages": [
                27
            ],
            "name": "1,5km MJ U14",
            "has_ages": false
        }
    },
    {
        "pk": 16,
        "model": "windberg_register.run",
        "fields": {
            "distance": 2000,
            "possible_ages": [
                28
            ],
            "name": "2km m\u00e4nnliche Jugend U16",
            "has_ages": false
        }
    },
    {
        "pk": 17,
        "model": "windberg_register.run",
        "fields": {
            "distance": 2000,
            "possible_ages": [
                33
            ],
            "name": "2km weibliche Jugend U18",
            "has_ages": false
        }
    },
    {
        "pk": 18,
        "model": "windberg_register.run",
        "fields": {
            "distance": 2000,
            "possible_ages": [
                34
            ],
            "name": "2km weibliche Jugend U20",
            "has_ages": false
        }
    },
    {
        "pk": 19,
        "model": "windberg_register.run",
        "fields": {
            "distance": 6000,
            "possible_ages": [
                13,
                14,
                15,
                16,
                17,
                18,
                26
            ],
            "name": "6km Frauen bis W55",
            "has_ages": true
        }
    },
    {
        "pk": 20,
        "model": "windberg_register.run",
        "fields": {
            "distance": 6000,
            "possible_ages": [
                5,
                6,
                7
            ],
            "name": "6km M50 bis M60",
            "has_ages": true
        }
    },
    {
        "pk": 21,
        "model": "windberg_register.run",
        "fields": {
            "distance": 8000,
            "possible_ages": [
                1, 
                2, 
                3, 
                4, 
                25
            ], 
            "name": "8km M\u00e4nner bis M45", 
            "has_ages": true
        }
    }, 
    {
        "pk": 1, 
        "model": "windberg_register.start", 
        "fields": {
            "start_time": "10:00:00", 
            "runs": [
                1
            ], 
            "creation_date": "2012-05-06"
        }
    }, 
    {
        "pk": 2, 
        "model": "windberg_register.start", 
        "fields": {
            "start_time": "10:05:00", 
            "runs": [
                2
            ], 
            "creation_date": "2012-05-06"
        }
    }, 
    {
        "pk": 3, 
        "model": "windberg_register.start", 
        "fields": {
            "start_time": "10:10:00", 
            "runs": [
                3
            ], 
            "creation_date": "2012-05-06"
        }
    }, 
    {
        "pk": 4, 
        "model": "windberg_register.start", 
        "fields": {
            "start_time": "10:20:00", 
            "runs": [
                4
            ], 
            "creation_date": "2012-05-06"
        }
    }, 
    {
        "pk": 5, 
        "model": "windberg_register.start", 
        "fields": {
            "start_time": "10:25:00", 
            "runs": [
                5, 
                6, 
                7, 
                8, 
                9, 
                10
            ], 
            "creation_date": "2012-05-06"
        }
    }, 
    {
        "pk": 6, 
        "model": "windberg_register.start", 
        "fields": {
            "start_time": "10:45:00", 
            "runs": [
                11
            ], 
            "creation_date": "2012-05-06"
        }
    }, 
    {
        "pk": 7, 
        "model": "windberg_register.start", 
        "fields": {
            "start_time": "10:50:00", 
            "runs": [
                12
            ], 
            "creation_date": "2012-05-06"
        }
    }, 
    {
        "pk": 8, 
        "model": "windberg_register.start", 
        "fields": {
            "start_time": "10:55:00", 
            "runs": [
                13, 
                14
            ], 
            "creation_date": "2012-05-06"
        }
    }, 
    {
        "pk": 9, 
        "model": "windberg_register.start", 
        "fields": {
            "start_time": "11:05:00", 
            "runs": [
                15
            ], 
            "creation_date": "2012-05-06"
        }
    }, 
    {
        "pk": 10, 
        "model": "windberg_register.start", 
        "fields": {
            "start_time": "11:15:00", 
            "runs": [
                16, 
                17, 
                18
            ], 
            "creation_date": "2012-05-06"
        }
    }, 
    {
        "pk": 11, 
        "model": "windberg_register.start", 
        "fields": {
            "start_time": "11:25:00", 
            "runs": [
                19, 
                20
            ], 
            "creation_date": "2012-05-06"
        }
    }, 
    {
        "pk": 12, 
        "model": "windberg_register.start", 
        "fields": {
            "start_time": "12:00:00", 
            "runs": [
                21
            ], 
            "creation_date": "2012-05-06"
        }
    }, 
    {
        "pk": 1, 
        "model": "windberg_register.town", 
        "fields": {
            "name": "asga"
        }
    }, 
    {
        "pk": 1, 
        "model": "windberg_register.club", 
        "fields": {
            "name": "Chemnitzer PSV"
        }
    }, 
    {
        "pk": 2, 
        "model": "windberg_register.club", 
        "fields": {
            "name": "HKLG 8888 Paulsdorf"
        }
    }, 
    {
        "pk": 3, 
        "model": "windberg_register.club", 
        "fields": {
            "name": " ohne"
        }
    }, 
    {
        "pk": 4, 
        "model": "windberg_register.club", 
        "fields": {
            "name": "KSV Heidenau"
        }
    }, 
    {
        "pk": 5, 
        "model": "windberg_register.club", 
        "fields": {
            "name": "LAC Veltins Hochsauerland"
        }
    }, 
    {
        "pk": 6, 
        "model": "windberg_register.club", 
        "fields": {
            "name": "Lg Asics Pirna"
        }
    }, 
    {
        "pk": 7, 
        "model": "windberg_register.club", 
        "fields": {
            "name": "MSV Tripoint Frankfurt/O."
        }
    }, 
    {
        "pk": 8, 
        "model": "windberg_register.club", 
        "fields": {
            "name": "Volkssport Freital"
        }
    }, 
    {
        "pk": 9, 
        "model": "windberg_register.club", 
        "fields": {
            "name": "Polizeisportverein Halle"
        }
    }, 
    {
        "pk": 10, 
        "model": "windberg_register.club", 
        "fields": {
            "name": "SAS Radebeul"
        }
    }, 
    {
        "pk": 11, 
        "model": "windberg_register.club", 
        "fields": {
            "name": "SV Elbland Coswig-Mei\u00dfen"
        }
    }, 
    {
        "pk": 12, 
        "model": "windberg_register.club", 
        "fields": {
            "name": "SV Kleba"
        }
    }, 
    {
        "pk": 13, 
        "model": "windberg_register.club", 
        "fields": {
            "name": "SV KOWEG G\u00f6rlitz"
        }
    }, 
    {
        "pk": 14, 
        "model": "windberg_register.club", 
        "fields": {
            "name": "TSV Dresden"
        }
    }, 
    {
        "pk": 15, 
        "model": "windberg_register.club", 
        "fields": {
            "name": "TV Bischofswerda"
        }
    }, 
    {
        "pk": 16, 
        "model": "windberg_register.club", 
        "fields": {
            "name": "WSG Schwarzenberg-W."
        }
    }, 
    {
        "pk": 17, 
        "model": "windberg_register.club", 
        "fields": {
            "name": "Aufbau Dresden"
        }
    }, 
    {
        "pk": 18, 
        "model": "windberg_register.club", 
        "fields": {
            "name": "Bundesligateam"
        }
    }, 
    {
        "pk": 19, 
        "model": "windberg_register.club", 
        "fields": {
            "name": "Dorfhainer SV"
        }
    }, 
    {
        "pk": 20, 
        "model": "windberg_register.club", 
        "fields": {
            "name": "Dresdner SC"
        }
    }, 
    {
        "pk": 21, 
        "model": "windberg_register.club", 
        "fields": {
            "name": "Dresdner SC Schwimmen"
        }
    }, 
    {
        "pk": 22, 
        "model": "windberg_register.club", 
        "fields": {
            "name": "Dresdner Trolle"
        }
    }, 
    {
        "pk": 23, 
        "model": "windberg_register.club", 
        "fields": {
            "name": "Elbe-Marathon Dresden"
        }
    }, 
    {
        "pk": 24, 
        "model": "windberg_register.club", 
        "fields": {
            "name": "FC Dynamo Dresden"
        }
    }, 
    {
        "pk": 25, 
        "model": "windberg_register.club", 
        "fields": {
            "name": "FV Dresden Nord"
        }
    }, 
    {
        "pk": 26, 
        "model": "windberg_register.club", 
        "fields": {
            "name": "Geyer Annaberg"
        }
    }, 
    {
        "pk": 27, 
        "model": "windberg_register.club", 
        "fields": {
            "name": "GMRLV"
        }
    }, 
    {
        "pk": 28, 
        "model": "windberg_register.club", 
        "fields": {
            "name": "HSV Pulsnitz"
        }
    }, 
    {
        "pk": 29, 
        "model": "windberg_register.club", 
        "fields": {
            "name": "Joes Run Fun Club"
        }
    }, 
    {
        "pk": 30, 
        "model": "windberg_register.club", 
        "fields": {
            "name": "LAC Leipzig"
        }
    }, 
    {
        "pk": 31, 
        "model": "windberg_register.club", 
        "fields": {
            "name": "LG Crostau"
        }
    }, 
    {
        "pk": 32, 
        "model": "windberg_register.club", 
        "fields": {
            "name": "LG Hammer Park Hamburg"
        }
    }, 
    {
        "pk": 33, 
        "model": "windberg_register.club", 
        "fields": {
            "name": "LG Neckar-Enz"
        }
    }, 
    {
        "pk": 34, 
        "model": "windberg_register.club", 
        "fields": {
            "name": "LG Nike Berlin"
        }
    }, 
    {
        "pk": 35, 
        "model": "windberg_register.club", 
        "fields": {
            "name": "Lok Aschersleben"
        }
    }, 
    {
        "pk": 36, 
        "model": "windberg_register.club", 
        "fields": {
            "name": "Lok Hainsberg"
        }
    }, 
    {
        "pk": 37, 
        "model": "windberg_register.club", 
        "fields": {
            "name": "LSV Pirna"
        }
    }, 
    {
        "pk": 38, 
        "model": "windberg_register.club", 
        "fields": {
            "name": "LT Linde Dresden"
        }
    }, 
    {
        "pk": 39, 
        "model": "windberg_register.club", 
        "fields": {
            "name": "LT Schierstein"
        }
    }, 
    {
        "pk": 40, 
        "model": "windberg_register.club", 
        "fields": {
            "name": "MoGoNo Leipzig"
        }
    }, 
    {
        "pk": 41, 
        "model": "windberg_register.club", 
        "fields": {
            "name": "Motor Freital"
        }
    }, 
    {
        "pk": 42, 
        "model": "windberg_register.club", 
        "fields": {
            "name": "Motor Gro\u00dfenhain"
        }
    }, 
    {
        "pk": 43, 
        "model": "windberg_register.club", 
        "fields": {
            "name": "Planeta Radebeul"
        }
    }, 
    {
        "pk": 44, 
        "model": "windberg_register.club", 
        "fields": {
            "name": "Post Telekom Dresden"
        }
    }, 
    {
        "pk": 45, 
        "model": "windberg_register.club", 
        "fields": {
            "name": "PSV Chemnitz"
        }
    }, 
    {
        "pk": 46, 
        "model": "windberg_register.club", 
        "fields": {
            "name": "PSV Halle"
        }
    }, 
    {
        "pk": 47, 
        "model": "windberg_register.club", 
        "fields": {
            "name": "Pulsschlag Erzgebirge"
        }
    }, 
    {
        "pk": 48, 
        "model": "windberg_register.club", 
        "fields": {
            "name": "Roseville Distance"
        }
    }, 
    {
        "pk": 49, 
        "model": "windberg_register.club", 
        "fields": {
            "name": "RSV Dresden"
        }
    }, 
    {
        "pk": 50, 
        "model": "windberg_register.club", 
        "fields": {
            "name": "SBB Dresden"
        }
    }, 
    {
        "pk": 51, 
        "model": "windberg_register.club", 
        "fields": {
            "name": "SC DHfK Leipzig"
        }
    }, 
    {
        "pk": 52, 
        "model": "windberg_register.club", 
        "fields": {
            "name": "SC Power Pansen"
        }
    }, 
    {
        "pk": 53, 
        "model": "windberg_register.club", 
        "fields": {
            "name": "SC Riesa"
        }
    }, 
    {
        "pk": 54, 
        "model": "windberg_register.club", 
        "fields": {
            "name": "SG Adelsberg"
        }
    }, 
    {
        "pk": 55, 
        "model": "windberg_register.club", 
        "fields": {
            "name": "SG Airbus Stade"
        }
    }, 
    {
        "pk": 56, 
        "model": "windberg_register.club", 
        "fields": {
            "name": "SG Gro\u00dfr\u00f6hrsdorf"
        }
    }, 
    {
        "pk": 57, 
        "model": "windberg_register.club", 
        "fields": {
            "name": "SG Kesselsdorf"
        }
    }, 
    {
        "pk": 58, 
        "model": "windberg_register.club", 
        "fields": {
            "name": "SG Wei\u00dfig 1861"
        }
    }, 
    {
        "pk": 59, 
        "model": "windberg_register.club", 
        "fields": {
            "name": "Skiklub Niedersedlitz"
        }
    }, 
    {
        "pk": 60, 
        "model": "windberg_register.club", 
        "fields": {
            "name": "SKV Freital"
        }
    }, 
    {
        "pk": 61, 
        "model": "windberg_register.club", 
        "fields": {
            "name": "Sport Spiel Dresden"
        }
    }, 
    {
        "pk": 62, 
        "model": "windberg_register.club", 
        "fields": {
            "name": "Sportcollection Altenberg"
        }
    }, 
    {
        "pk": 63, 
        "model": "windberg_register.club", 
        "fields": {
            "name": "SSV Planeta Radebeul"
        }
    }, 
    {
        "pk": 64, 
        "model": "windberg_register.club", 
        "fields": {
            "name": "SV Blau-Wei\u00df Glash\u00fctte"
        }
    }, 
    {
        "pk": 65, 
        "model": "windberg_register.club", 
        "fields": {
            "name": "SV Hoyerswerda"
        }
    }, 
    {
        "pk": 66, 
        "model": "windberg_register.club", 
        "fields": {
            "name": "SV LA Hoyerswerda"
        }
    }, 
    {
        "pk": 67, 
        "model": "windberg_register.club", 
        "fields": {
            "name": "SV Motor Lahr"
        }
    }, 
    {
        "pk": 68, 
        "model": "windberg_register.club", 
        "fields": {
            "name": "SV Motor Leipzig-Nord"
        }
    }, 
    {
        "pk": 69, 
        "model": "windberg_register.club", 
        "fields": {
            "name": "SV Pohrsdorf"
        }
    }, 
    {
        "pk": 70, 
        "model": "windberg_register.club", 
        "fields": {
            "name": "TCH"
        }
    }, 
    {
        "pk": 71, 
        "model": "windberg_register.club", 
        "fields": {
            "name": "TSV Blau-Wei\u00df Gr\u00f6ditz"
        }
    }, 
    {
        "pk": 72, 
        "model": "windberg_register.club", 
        "fields": {
            "name": "TUS Dippoldiswalde"
        }
    }, 
    {
        "pk": 73, 
        "model": "windberg_register.club", 
        "fields": {
            "name": "USV TU Dresden"
        }
    }, 
    {
        "pk": 74, 
        "model": "windberg_register.club", 
        "fields": {
            "name": "VfL Dresden-B\u00fchlau"
        }
    }, 
    {
        "pk": 75, 
        "model": "windberg_register.club", 
        "fields": {
            "name": "Volkssport Dresden"
        }
    }, 
    {
        "pk": 76, 
        "model": "windberg_register.club", 
        "fields": {
            "name": "VS  Mei\u00dfen"
        }
    }, 
    {
        "pk": 77, 
        "model": "windberg_register.club", 
        "fields": {
            "name": "VS Bannewitz"
        }
    }, 
    {
        "pk": 78, 
        "model": "windberg_register.club", 
        "fields": {
            "name": "VS Chemnitz"
        }
    }, 
    {
        "pk": 79, 
        "model": "windberg_register.club", 
        "fields": {
            "name": "VS Ehingen"
        }
    }, 
    {
        "pk": 80, 
        "model": "windberg_register.club", 
        "fields": {
            "name": "Volkssport Leipzig"
        }
    }, 
    {
        "pk": 81, 
        "model": "windberg_register.club", 
        "fields": {
            "name": "VS Leipzig-Leutzsch"
        }
    }, 
    {
        "pk": 82, 
        "model": "windberg_register.club", 
        "fields": {
            "name": "VS Pesterwitz"
        }
    }, 
    {
        "pk": 83, 
        "model": "windberg_register.club", 
        "fields": {
            "name": "VS Pohrsdorf"
        }
    }, 
    {
        "pk": 84, 
        "model": "windberg_register.club", 
        "fields": {
            "name": "VS Kamenz"
        }
    }, 
    {
        "pk": 85, 
        "model": "windberg_register.club", 
        "fields": {
            "name": "FTSV Straubing"
        }
    }, 
    {
        "pk": 86, 
        "model": "windberg_register.club", 
        "fields": {
            "name": "SV 1920 Klitzschen"
        }
    }, 
    {
        "pk": 87, 
        "model": "windberg_register.club", 
        "fields": {
            "name": "LRC Mittelsachsen Naundorf"
        }
    }, 
    {
        "pk": 88, 
        "model": "windberg_register.club", 
        "fields": {
            "name": "ESV Lok D\u00f6beln"
        }
    }, 
    {
        "pk": 89, 
        "model": "windberg_register.club", 
        "fields": {
            "name": "SSV 91 Brand-Erbisdorf"
        }
    }, 
    {
        "pk": 90, 
        "model": "windberg_register.club", 
        "fields": {
            "name": "LC Auensee Leipzig"
        }
    }, 
    {
        "pk": 91, 
        "model": "windberg_register.club", 
        "fields": {
            "name": "Lok Mitte Leipzig"
        }
    }, 
    {
        "pk": 92, 
        "model": "windberg_register.club", 
        "fields": {
            "name": "SuL L\u00f6\u00dfnitz"
        }
    }, 
    {
        "pk": 93, 
        "model": "windberg_register.club", 
        "fields": {
            "name": "SuL L\u00f6\u00dfnitz e.V."
        }
    }, 
    {
        "pk": 94, 
        "model": "windberg_register.club", 
        "fields": {
            "name": "LFV Oberholz"
        }
    }, 
    {
        "pk": 95, 
        "model": "windberg_register.club", 
        "fields": {
            "name": "VfA \\Rochlitzer Berg\\\"\""
        }
    }, 
    {
        "pk": 96, 
        "model": "windberg_register.club", 
        "fields": {
            "name": "SV Automation 61 Leipzig"
        }
    }, 
    {
        "pk": 97, 
        "model": "windberg_register.club", 
        "fields": {
            "name": "Kanu Club Dresden(KCD)"
        }
    }, 
    {
        "pk": 98, 
        "model": "windberg_register.club", 
        "fields": {
            "name": "KCD Dresden"
        }
    }, 
    {
        "pk": 99, 
        "model": "windberg_register.club", 
        "fields": {
            "name": "Chemnitzer LV MEGWARE"
        }
    }, 
    {
        "pk": 100, 
        "model": "windberg_register.club", 
        "fields": {
            "name": "CLV MEGWARE"
        }
    }, 
    {
        "pk": 101, 
        "model": "windberg_register.club", 
        "fields": {
            "name": "SV Kurort Hartha"
        }
    }, 
    {
        "pk": 102, 
        "model": "windberg_register.club", 
        "fields": {
            "name": "SG Kurort Hartha"
        }
    }, 
    {
        "pk": 103, 
        "model": "windberg_register.club", 
        "fields": {
            "name": "LWF Leipzig"
        }
    }, 
    {
        "pk": 104, 
        "model": "windberg_register.club", 
        "fields": {
            "name": "Sg Wurgwitz"
        }
    }, 
    {
        "pk": 105, 
        "model": "windberg_register.club", 
        "fields": {
            "name": "OSV L\u00f6bau"
        }
    }, 
    {
        "pk": 106, 
        "model": "windberg_register.club", 
        "fields": {
            "name": "SG Heidebiker"
        }
    }, 
    {
        "pk": 107, 
        "model": "windberg_register.club", 
        "fields": {
            "name": "1. ASV Annaberg"
        }
    }, 
    {
        "pk": 108, 
        "model": "windberg_register.club", 
        "fields": {
            "name": "AC Spartak Usti"
        }
    }, 
    {
        "pk": 109, 
        "model": "windberg_register.club", 
        "fields": {
            "name": "Hetzdorfer SV"
        }
    }, 
    {
        "pk": 110, 
        "model": "windberg_register.club", 
        "fields": {
            "name": "SV Einheit Kamenz"
        }
    }, 
    {
        "pk": 111, 
        "model": "windberg_register.club", 
        "fields": {
            "name": "KV Schmiedeberg"
        }
    }, 
    {
        "pk": 112, 
        "model": "windberg_register.club", 
        "fields": {
            "name": "SG Oelsa"
        }
    }, 
    {
        "pk": 113, 
        "model": "windberg_register.club", 
        "fields": {
            "name": "Dresdner SC - Fu\u00dfball"
        }
    }, 
    {
        "pk": 114, 
        "model": "windberg_register.club", 
        "fields": {
            "name": "TV Dresden-Blasewitz"
        }
    }, 
    {
        "pk": 115, 
        "model": "windberg_register.club", 
        "fields": {
            "name": "Bautzener LV Rot-Wei\u00df"
        }
    }, 
    {
        "pk": 116, 
        "model": "windberg_register.club", 
        "fields": {
            "name": "Rot-Wei\u00df Burgneudorf"
        }
    }, 
    {
        "pk": 117, 
        "model": "windberg_register.club", 
        "fields": {
            "name": "SG Oberlichtenau"
        }
    }, 
    {
        "pk": 118, 
        "model": "windberg_register.club", 
        "fields": {
            "name": "SG Jablonec"
        }
    }, 
    {
        "pk": 119, 
        "model": "windberg_register.club", 
        "fields": {
            "name": "Fortschritt Oschatz"
        }
    }, 
    {
        "pk": 120, 
        "model": "windberg_register.club", 
        "fields": {
            "name": "SV Motor S\u00f6rnewitz"
        }
    }, 
    {
        "pk": 121, 
        "model": "windberg_register.club", 
        "fields": {
            "name": "SV Bad D\u00fcben"
        }
    }, 
    {
        "pk": 122, 
        "model": "windberg_register.club", 
        "fields": {
            "name": "TSV Radeburg"
        }
    }, 
    {
        "pk": 123, 
        "model": "windberg_register.club", 
        "fields": {
            "name": "TSV Grimma"
        }
    }, 
    {
        "pk": 124, 
        "model": "windberg_register.club", 
        "fields": {
            "name": "SV Radeberg"
        }
    }, 
    {
        "pk": 125, 
        "model": "windberg_register.club", 
        "fields": {
            "name": "SV Nassau"
        }
    }, 
    {
        "pk": 126, 
        "model": "windberg_register.club", 
        "fields": {
            "name": "Hainsberger SV"
        }
    }, 
    {
        "pk": 127, 
        "model": "windberg_register.club", 
        "fields": {
            "name": "CZE"
        }
    }, 
    {
        "pk": 128, 
        "model": "windberg_register.club", 
        "fields": {
            "name": "SVK"
        }
    }, 
    {
        "pk": 129, 
        "model": "windberg_register.club", 
        "fields": {
            "name": "Rakete Ramses"
        }
    }, 
    {
        "pk": 130, 
        "model": "windberg_register.club", 
        "fields": {
            "name": "LG TUS Weinb\u00f6hla"
        }
    }, 
    {
        "pk": 131, 
        "model": "windberg_register.club", 
        "fields": {
            "name": "Lauftreff Dresden"
        }
    }, 
    {
        "pk": 132, 
        "model": "windberg_register.club", 
        "fields": {
            "name": "RC 1898 Radeberg"
        }
    }, 
    {
        "pk": 133, 
        "model": "windberg_register.club", 
        "fields": {
            "name": "SV Einheit  Br\u00e4unsdorf"
        }
    }, 
    {
        "pk": 134, 
        "model": "windberg_register.club", 
        "fields": {
            "name": "WKF-Bergfried\u00b491"
        }
    }, 
    {
        "pk": 135, 
        "model": "windberg_register.club", 
        "fields": {
            "name": "TSV Cossebaude"
        }
    }, 
    {
        "pk": 136, 
        "model": "windberg_register.club", 
        "fields": {
            "name": "Laufgruppe Mohorn-Grund"
        }
    }, 
    {
        "pk": 137, 
        "model": "windberg_register.club", 
        "fields": {
            "name": "Post SV Dippoldiswalde"
        }
    }, 
    {
        "pk": 138, 
        "model": "windberg_register.club", 
        "fields": {
            "name": "SSV Heidenau"
        }
    }, 
    {
        "pk": 139, 
        "model": "windberg_register.club", 
        "fields": {
            "name": "SV Halle"
        }
    }, 
    {
        "pk": 140, 
        "model": "windberg_register.club", 
        "fields": {
            "name": "BSV Chemie Radebeul"
        }
    }, 
    {
        "pk": 141, 
        "model": "windberg_register.club", 
        "fields": {
            "name": "TSV Rotation Dresden"
        }
    }, 
    {
        "pk": 142, 
        "model": "windberg_register.club", 
        "fields": {
            "name": "DARC-Sachsen"
        }
    }, 
    {
        "pk": 143, 
        "model": "windberg_register.club", 
        "fields": {
            "name": "LAC-Erdgas Chemnitz"
        }
    }, 
    {
        "pk": 144, 
        "model": "windberg_register.club", 
        "fields": {
            "name": "SV Elstra"
        }
    }, 
    {
        "pk": 145, 
        "model": "windberg_register.club", 
        "fields": {
            "name": "Skizunft Dresden"
        }
    }, 
    {
        "pk": 146, 
        "model": "windberg_register.club", 
        "fields": {
            "name": "Team Erfurt"
        }
    }, 
    {
        "pk": 147, 
        "model": "windberg_register.club", 
        "fields": {
            "name": "Slovakische Republik"
        }
    }, 
    {
        "pk": 148, 
        "model": "windberg_register.club", 
        "fields": {
            "name": "SG Glash\u00fctte"
        }
    }, 
    {
        "pk": 149, 
        "model": "windberg_register.club", 
        "fields": {
            "name": "Rennsteig-Laufverein"
        }
    }, 
    {
        "pk": 150, 
        "model": "windberg_register.club", 
        "fields": {
            "name": "RC Radeberg"
        }
    }, 
    {
        "pk": 151, 
        "model": "windberg_register.club", 
        "fields": {
            "name": "Polen"
        }
    }, 
    {
        "pk": 152, 
        "model": "windberg_register.club", 
        "fields": {
            "name": "OSH Dresden"
        }
    }, 
    {
        "pk": 153, 
        "model": "windberg_register.club", 
        "fields": {
            "name": "TSV Burkartshain"
        }
    }, 
    {
        "pk": 154, 
        "model": "windberg_register.club", 
        "fields": {
            "name": "Ukraine"
        }
    }, 
    {
        "pk": 155, 
        "model": "windberg_register.club", 
        "fields": {
            "name": "Bergwacht Pirna"
        }
    }, 
    {
        "pk": 156, 
        "model": "windberg_register.club", 
        "fields": {
            "name": "Chemie Radebeul"
        }
    }, 
    {
        "pk": 157, 
        "model": "windberg_register.club", 
        "fields": {
            "name": "Brandenburger Adler"
        }
    }, 
    {
        "pk": 158, 
        "model": "windberg_register.club", 
        "fields": {
            "name": "SV Dresden"
        }
    }, 
    {
        "pk": 159, 
        "model": "windberg_register.club", 
        "fields": {
            "name": "SV Bautzen"
        }
    }, 
    {
        "pk": 160, 
        "model": "windberg_register.club", 
        "fields": {
            "name": "Heidebiker Dresden"
        }
    }, 
    {
        "pk": 161, 
        "model": "windberg_register.club", 
        "fields": {
            "name": "Gr\u00fcn-Wei\u00df Ebersbach"
        }
    }, 
    {
        "pk": 162, 
        "model": "windberg_register.club", 
        "fields": {
            "name": "ESV Dresden"
        }
    }, 
    {
        "pk": 163, 
        "model": "windberg_register.club", 
        "fields": {
            "name": "Elektronik Gornsdorf"
        }
    }, 
    {
        "pk": 164, 
        "model": "windberg_register.club", 
        "fields": {
            "name": "DLRG Dresden"
        }
    }, 
    {
        "pk": 165, 
        "model": "windberg_register.club", 
        "fields": {
            "name": "LG Fillinger"
        }
    }, 
    {
        "pk": 166, 
        "model": "windberg_register.club", 
        "fields": {
            "name": "LG Mohorn-Grund"
        }
    }, 
    {
        "pk": 167, 
        "model": "windberg_register.club", 
        "fields": {
            "name": "MSV Kreckwitz"
        }
    }, 
    {
        "pk": 168, 
        "model": "windberg_register.club", 
        "fields": {
            "name": "SV Hermsdorf"
        }
    }, 
    {
        "pk": 169, 
        "model": "windberg_register.club", 
        "fields": {
            "name": "SV Kyffh. Frankenhausen"
        }
    }, 
    {
        "pk": 170, 
        "model": "windberg_register.club", 
        "fields": {
            "name": "SV LT Lausitz"
        }
    }, 
    {
        "pk": 171, 
        "model": "windberg_register.club", 
        "fields": {
            "name": "Tria Neukirch"
        }
    }, 
    {
        "pk": 172, 
        "model": "windberg_register.club", 
        "fields": {
            "name": "TSV Radeberg"
        }
    }, 
    {
        "pk": 173, 
        "model": "windberg_register.club", 
        "fields": {
            "name": "TuS Weinb\u00f6hla"
        }
    }, 
    {
        "pk": 174, 
        "model": "windberg_register.club", 
        "fields": {
            "name": "VSEM Usti"
        }
    }, 
    {
        "pk": 175, 
        "model": "windberg_register.club", 
        "fields": {
            "name": "testverein 01"
        }
    }, 
    {
        "pk": 176, 
        "model": "windberg_register.club", 
        "fields": {
            "name": "MS Wurgwitz"
        }
    }, 
    {
        "pk": 177, 
        "model": "windberg_register.club", 
        "fields": {
            "name": "MS Wilsdruff"
        }
    }, 
    {
        "pk": 178, 
        "model": "windberg_register.club", 
        "fields": {
            "name": "MS Waldblick"
        }
    }, 
    {
        "pk": 179, 
        "model": "windberg_register.club", 
        "fields": {
            "name": "MS Lessing"
        }
    }, 
    {
        "pk": 180, 
        "model": "windberg_register.club", 
        "fields": {
            "name": "MS Klingenberg"
        }
    }, 
    {
        "pk": 181, 
        "model": "windberg_register.club", 
        "fields": {
            "name": "TSG KW Boxberg"
        }
    }, 
    {
        "pk": 182, 
        "model": "windberg_register.club", 
        "fields": {
            "name": "TVA T\u00fcbingen"
        }
    }, 
    {
        "pk": 183, 
        "model": "windberg_register.club", 
        "fields": {
            "name": "SV Zwickau 04"
        }
    }, 
    {
        "pk": 184, 
        "model": "windberg_register.club", 
        "fields": {
            "name": "SG Zittau-S\u00fcd"
        }
    }, 
    {
        "pk": 185, 
        "model": "windberg_register.club", 
        "fields": {
            "name": "Blau-Weiss Reichenbach"
        }
    }, 
    {
        "pk": 186, 
        "model": "windberg_register.club", 
        "fields": {
            "name": "Bomberos Bogota"
        }
    }, 
    {
        "pk": 187, 
        "model": "windberg_register.club", 
        "fields": {
            "name": "Cats H\u00e4nsel"
        }
    }, 
    {
        "pk": 188, 
        "model": "windberg_register.club", 
        "fields": {
            "name": "TSV Olbersdorf"
        }
    }, 
    {
        "pk": 189, 
        "model": "windberg_register.club", 
        "fields": {
            "name": "Dresdner SV 1953"
        }
    }, 
    {
        "pk": 190, 
        "model": "windberg_register.club", 
        "fields": {
            "name": "Gl\u00fchw\u00fcrmchen Dresden"
        }
    }, 
    {
        "pk": 191, 
        "model": "windberg_register.club", 
        "fields": {
            "name": "Ghost Rider Dresden"
        }
    }, 
    {
        "pk": 192, 
        "model": "windberg_register.club", 
        "fields": {
            "name": "LAZ Leipzig"
        }
    }, 
    {
        "pk": 193, 
        "model": "windberg_register.club", 
        "fields": {
            "name": "Volkssport Grumbach"
        }
    }, 
    {
        "pk": 194, 
        "model": "windberg_register.club", 
        "fields": {
            "name": "VS Grumbach"
        }
    }, 
    {
        "pk": 195, 
        "model": "windberg_register.club", 
        "fields": {
            "name": "VS Freital"
        }
    }, 
    {
        "pk": 196, 
        "model": "windberg_register.club", 
        "fields": {
            "name": "Volkssport Kesselsdorf"
        }
    }, 
    {
        "pk": 197, 
        "model": "windberg_register.club", 
        "fields": {
            "name": "SV Sparkasse Mittleres Erzgebirge"
        }
    }, 
    {
        "pk": 198, 
        "model": "windberg_register.club", 
        "fields": {
            "name": "SV Spk Mittleres Erzgebirge"
        }
    }, 
    {
        "pk": 199, 
        "model": "windberg_register.club", 
        "fields": {
            "name": "HLG Gersdorf"
        }
    }, 
    {
        "pk": 200, 
        "model": "windberg_register.club", 
        "fields": {
            "name": "TSV 92 Freiberg"
        }
    }, 
    {
        "pk": 201, 
        "model": "windberg_register.club", 
        "fields": {
            "name": "Skiclub Mengersgereuth-H\u00e4mmern"
        }
    }, 
    {
        "pk": 202, 
        "model": "windberg_register.club", 
        "fields": {
            "name": "Skiclu"
        }
    }, 
    {
        "pk": 203, 
        "model": "windberg_register.club", 
        "fields": {
            "name": "1.Tennisclub Weinb\u00f6hla"
        }
    }, 
    {
        "pk": 204, 
        "model": "windberg_register.club", 
        "fields": {
            "name": "BSG Talfreunde"
        }
    }, 
    {
        "pk": 205, 
        "model": "windberg_register.club", 
        "fields": {
            "name": "LV Limbach 2000 e.V."
        }
    }, 
    {
        "pk": 206, 
        "model": "windberg_register.club", 
        "fields": {
            "name": "Pretzschendorfer SV e.V."
        }
    }, 
    {
        "pk": 207, 
        "model": "windberg_register.club", 
        "fields": {
            "name": "Laufszene Dresden"
        }
    }, 
    {
        "pk": 208, 
        "model": "windberg_register.club", 
        "fields": {
            "name": "SG Aufbau Mitte Dresden"
        }
    }, 
    {
        "pk": 209, 
        "model": "windberg_register.club", 
        "fields": {
            "name": "LSV Dresden"
        }
    }, 
    {
        "pk": 210, 
        "model": "windberg_register.club", 
        "fields": {
            "name": "FUSSFLOTT DRESDEN"
        }
    }, 
    {
        "pk": 211, 
        "model": "windberg_register.club", 
        "fields": {
            "name": "WSV Am Blauen Wunder Dresden"
        }
    }, 
    {
        "pk": 212, 
        "model": "windberg_register.club", 
        "fields": {
            "name": "WSV Am Blauen Wunder DD"
        }
    }, 
    {
        "pk": 213, 
        "model": "windberg_register.club", 
        "fields": {
            "name": "DLRG Obere Elbe"
        }
    }, 
    {
        "pk": 214, 
        "model": "windberg_register.club", 
        "fields": {
            "name": "Feuerwehr Freital"
        }
    }, 
    {
        "pk": 215, 
        "model": "windberg_register.club", 
        "fields": {
            "name": "Dresdner Durchl\u00e4ufer"
        }
    }, 
    {
        "pk": 216, 
        "model": "windberg_register.club", 
        "fields": {
            "name": "Handballverein Ebau"
        }
    }, 
    {
        "pk": 217, 
        "model": "windberg_register.club", 
        "fields": {
            "name": "VS Kesselsdorf"
        }
    }, 
    {
        "pk": 218, 
        "model": "windberg_register.club", 
        "fields": {
            "name": "SSV Altenberg"
        }
    }, 
    {
        "pk": 219, 
        "model": "windberg_register.club", 
        "fields": {
            "name": "BSG Osts\u00e4chsische Sparkasse Dresden"
        }
    }, 
    {
        "pk": 220, 
        "model": "windberg_register.club", 
        "fields": {
            "name": "SG Dresdner Bank"
        }
    }, 
    {
        "pk": 221, 
        "model": "windberg_register.club", 
        "fields": {
            "name": "SG Gittersee"
        }
    }, 
    {
        "pk": 222, 
        "model": "windberg_register.club", 
        "fields": {
            "name": "Dresden-Marathon e.V"
        }
    }, 
    {
        "pk": 223, 
        "model": "windberg_register.club", 
        "fields": {
            "name": "Dresden-Marathon e.V."
        }
    }, 
    {
        "pk": 224, 
        "model": "windberg_register.club", 
        "fields": {
            "name": "Eislauf-Verein-Dresden"
        }
    }, 
    {
        "pk": 225, 
        "model": "windberg_register.club", 
        "fields": {
            "name": "Eislauf Verein Dresden"
        }
    }, 
    {
        "pk": 226, 
        "model": "windberg_register.club", 
        "fields": {
            "name": "Dresden Marathon"
        }
    }, 
    {
        "pk": 227, 
        "model": "windberg_register.club", 
        "fields": {
            "name": "Hoyerswerdaer SV 1919"
        }
    }, 
    {
        "pk": 228, 
        "model": "windberg_register.club", 
        "fields": {
            "name": "Post SV Dresden"
        }
    }, 
    {
        "pk": 229, 
        "model": "windberg_register.club", 
        "fields": {
            "name": "per pedes family Dresden"
        }
    }, 
    {
        "pk": 230, 
        "model": "windberg_register.club", 
        "fields": {
            "name": "Volkssport Radebeul"
        }
    }, 
    {
        "pk": 231, 
        "model": "windberg_register.club", 
        "fields": {
            "name": "LSG Ehrenberg"
        }
    }, 
    {
        "pk": 232, 
        "model": "windberg_register.club", 
        "fields": {
            "name": "SG Dresdner Verkehrsbetriebe"
        }
    }, 
    {
        "pk": 233, 
        "model": "windberg_register.club", 
        "fields": {
            "name": "OSSV Kamenz"
        }
    }, 
    {
        "pk": 234, 
        "model": "windberg_register.club", 
        "fields": {
            "name": "SV Gr\u00fcn-Wei\u00df Elstra"
        }
    }, 
    {
        "pk": 235, 
        "model": "windberg_register.club", 
        "fields": {
            "name": "langsam aber sicher"
        }
    }, 
    {
        "pk": 236, 
        "model": "windberg_register.club", 
        "fields": {
            "name": "Gr\u00fcn Wei\u00df Cosch\u00fctz"
        }
    }, 
    {
        "pk": 237, 
        "model": "windberg_register.club", 
        "fields": {
            "name": "SV Gr\u00fcn-Wei\u00df Pirna"
        }
    }, 
    {
        "pk": 238, 
        "model": "windberg_register.club", 
        "fields": {
            "name": "1. RV Pirna"
        }
    }, 
    {
        "pk": 239, 
        "model": "windberg_register.club", 
        "fields": {
            "name": "Dresdner RV"
        }
    }, 
    {
        "pk": 240, 
        "model": "windberg_register.club", 
        "fields": {
            "name": "Excelsior Dresden"
        }
    }, 
    {
        "pk": 241, 
        "model": "windberg_register.club", 
        "fields": {
            "name": "Gr\u00fcn Wei\u00df Elstra"
        }
    }, 
    {
        "pk": 242, 
        "model": "windberg_register.club", 
        "fields": {
            "name": "K\u00f6nigswartha"
        }
    }, 
    {
        "pk": 243, 
        "model": "windberg_register.club", 
        "fields": {
            "name": "Wei\u00dferitz-Gymnasium"
        }
    }, 
    {
        "pk": 244, 
        "model": "windberg_register.club", 
        "fields": {
            "name": "VfA endlos Dresden"
        }
    }, 
    {
        "pk": 245, 
        "model": "windberg_register.club", 
        "fields": {
            "name": "TV Valtenberg"
        }
    }, 
    {
        "pk": 246, 
        "model": "windberg_register.club", 
        "fields": {
            "name": "Gr\u00fcn Wei\u00df Pirna"
        }
    }, 
    {
        "pk": 247, 
        "model": "windberg_register.club", 
        "fields": {
            "name": "Handballverein Eibau"
        }
    }, 
    {
        "pk": 248, 
        "model": "windberg_register.club", 
        "fields": {
            "name": "LG Geyer"
        }
    }, 
    {
        "pk": 249, 
        "model": "windberg_register.club", 
        "fields": {
            "name": "Lok Bad Schandau"
        }
    }, 
    {
        "pk": 250, 
        "model": "windberg_register.club", 
        "fields": {
            "name": "RV Gompitz"
        }
    }, 
    {
        "pk": 251, 
        "model": "windberg_register.club", 
        "fields": {
            "name": "Ski- und Radsportverein Freital"
        }
    }, 
    {
        "pk": 252, 
        "model": "windberg_register.club", 
        "fields": {
            "name": "Sokol Bautzen"
        }
    }, 
    {
        "pk": 253, 
        "model": "windberg_register.club", 
        "fields": {
            "name": "Stahl Schmiedeberg"
        }
    }, 
    {
        "pk": 254, 
        "model": "windberg_register.club", 
        "fields": {
            "name": "Triathlon-Verein Dt. \u00c4rzte und Apotheker"
        }
    }, 
    {
        "pk": 255, 
        "model": "windberg_register.club", 
        "fields": {
            "name": "TSG Olbersdorf"
        }
    }, 
    {
        "pk": 256, 
        "model": "windberg_register.club", 
        "fields": {
            "name": "Lok Pirna"
        }
    }, 
    {
        "pk": 257, 
        "model": "windberg_register.club", 
        "fields": {
            "name": "Lomnitzer SV"
        }
    }, 
    {
        "pk": 258, 
        "model": "windberg_register.club", 
        "fields": {
            "name": "OSC L\u00f6bau"
        }
    }, 
    {
        "pk": 259, 
        "model": "windberg_register.club", 
        "fields": {
            "name": "Laufwerk Freital"
        }
    }, 
    {
        "pk": 260, 
        "model": "windberg_register.club", 
        "fields": {
            "name": "RP-Team"
        }
    }, 
    {
        "pk": 261, 
        "model": "windberg_register.club", 
        "fields": {
            "name": "SV Wacker Mohorn"
        }
    }, 
    {
        "pk": 262, 
        "model": "windberg_register.club", 
        "fields": {
            "name": "Triathlonverein Dresden"
        }
    }, 
    {
        "pk": 263, 
        "model": "windberg_register.club", 
        "fields": {
            "name": "LC Aichach"
        }
    }, 
    {
        "pk": 264, 
        "model": "windberg_register.club", 
        "fields": {
            "name": "Team Pulsschlag Radebeul"
        }
    }, 
    {
        "pk": 265, 
        "model": "windberg_register.club", 
        "fields": {
            "name": "LSV Niesky"
        }
    }, 
    {
        "pk": 266, 
        "model": "windberg_register.club", 
        "fields": {
            "name": "VS Kreischa"
        }
    }, 
    {
        "pk": 267, 
        "model": "windberg_register.club", 
        "fields": {
            "name": "VS Pirna"
        }
    }, 
    {
        "pk": 268, 
        "model": "windberg_register.club", 
        "fields": {
            "name": "Wei\u00dferitzgymn. I"
        }
    }, 
    {
        "pk": 269, 
        "model": "windberg_register.club", 
        "fields": {
            "name": "Wei\u00dferitzgymn. II"
        }
    }, 
    {
        "pk": 270, 
        "model": "windberg_register.club", 
        "fields": {
            "name": "SG Ullersdorf"
        }
    }, 
    {
        "pk": 271, 
        "model": "windberg_register.club", 
        "fields": {
            "name": "LG Wadenbei\u00dfer"
        }
    }, 
    {
        "pk": 272, 
        "model": "windberg_register.club", 
        "fields": {
            "name": "Tharandter Waldl\u00e4ufer"
        }
    }, 
    {
        "pk": 273, 
        "model": "windberg_register.club", 
        "fields": {
            "name": "Wei\u00dferitzgymn. III"
        }
    }, 
    {
        "pk": 274, 
        "model": "windberg_register.club", 
        "fields": {
            "name": "SV Sachsen M\u00fcglitztal e.V."
        }
    }, 
    {
        "pk": 275, 
        "model": "windberg_register.club", 
        "fields": {
            "name": "SV Robotron Dresden"
        }
    }, 
    {
        "pk": 276, 
        "model": "windberg_register.club", 
        "fields": {
            "name": "TVL Freiberg"
        }
    }, 
    {
        "pk": 277, 
        "model": "windberg_register.club", 
        "fields": {
            "name": "FSG Chemnitz"
        }
    }, 
    {
        "pk": 278, 
        "model": "windberg_register.club", 
        "fields": {
            "name": "MAD EAST 500"
        }
    }, 
    {
        "pk": 279, 
        "model": "windberg_register.club", 
        "fields": {
            "name": "SSV Blau-Wei\u00df Neuhausen"
        }
    }, 
    {
        "pk": 280, 
        "model": "windberg_register.club", 
        "fields": {
            "name": "MSV Meusegast"
        }
    }, 
    {
        "pk": 281, 
        "model": "windberg_register.club", 
        "fields": {
            "name": "SV Gogolowk"
        }
    }, 
    {
        "pk": 282, 
        "model": "windberg_register.club", 
        "fields": {
            "name": "DREWAG Stadtwerke Dresden"
        }
    }, 
    {
        "pk": 283, 
        "model": "windberg_register.club", 
        "fields": {
            "name": "DREWAG Stadtwerke"
        }
    }, 
    {
        "pk": 284, 
        "model": "windberg_register.club", 
        "fields": {
            "name": "TSG Oederan"
        }
    }, 
    {
        "pk": 285, 
        "model": "windberg_register.club", 
        "fields": {
            "name": "kopfjaeger-sports Dresden"
        }
    }, 
    {
        "pk": 286, 
        "model": "windberg_register.club", 
        "fields": {
            "name": "ADREIKA/LAV Halensia"
        }
    }, 
    {
        "pk": 287, 
        "model": "windberg_register.club", 
        "fields": {
            "name": "Taekwondo Verein Freiberg e.V."
        }
    }, 
    {
        "pk": 288, 
        "model": "windberg_register.club", 
        "fields": {
            "name": "LAV Halensia e.V."
        }
    }, 
    {
        "pk": 289, 
        "model": "windberg_register.club", 
        "fields": {
            "name": "39. Grundschule DD"
        }
    }, 
    {
        "pk": 290, 
        "model": "windberg_register.club", 
        "fields": {
            "name": "Gymn. Dresden Plauen"
        }
    }, 
    {
        "pk": 291, 
        "model": "windberg_register.club", 
        "fields": {
            "name": "Fl\u00fcgelradbande"
        }
    }, 
    {
        "pk": 292, 
        "model": "windberg_register.club", 
        "fields": {
            "name": "Gymn. DD Plauen"
        }
    }, 
    {
        "pk": 293, 
        "model": "windberg_register.club", 
        "fields": {
            "name": "TU Dresden"
        }
    }, 
    {
        "pk": 294, 
        "model": "windberg_register.club", 
        "fields": {
            "name": "Volkssport"
        }
    }, 
    {
        "pk": 295, 
        "model": "windberg_register.club", 
        "fields": {
            "name": "Volkssport Pirna"
        }
    }, 
    {
        "pk": 296, 
        "model": "windberg_register.club", 
        "fields": {
            "name": "Team Erdinger Alkoholfrei"
        }
    }, 
    {
        "pk": 297, 
        "model": "windberg_register.club", 
        "fields": {
            "name": "116. MS"
        }
    }, 
    {
        "pk": 298, 
        "model": "windberg_register.club", 
        "fields": {
            "name": "DSC 1898"
        }
    }, 
    {
        "pk": 299, 
        "model": "windberg_register.club", 
        "fields": {
            "name": "Pesterwitz"
        }
    }, 
    {
        "pk": 300, 
        "model": "windberg_register.club", 
        "fields": {
            "name": "TV Dresden"
        }
    }, 
    {
        "pk": 301, 
        "model": "windberg_register.club", 
        "fields": {
            "name": "Lessing-Mittelschule"
        }
    }, 
    {
        "pk": 302, 
        "model": "windberg_register.club", 
        "fields": {
            "name": "Citylaufverein Dresden"
        }
    }, 
    {
        "pk": 303, 
        "model": "windberg_register.club", 
        "fields": {
            "name": "Tschechische Republik"
        }
    }, 
    {
        "pk": 304, 
        "model": "windberg_register.club", 
        "fields": {
            "name": "Rot-Wei\u00df Bautzen"
        }
    }, 
    {
        "pk": 305, 
        "model": "windberg_register.club", 
        "fields": {
            "name": "ohne"
        }
    }, 
    {
        "pk": 306, 
        "model": "windberg_register.club", 
        "fields": {
            "name": "Rot-Wei\u00df 90 Bautzen"
        }
    }, 
    {
        "pk": 307, 
        "model": "windberg_register.club", 
        "fields": {
            "name": "Fu\u00dfflott Dresden"
        }
    }, 
    {
        "pk": 308, 
        "model": "windberg_register.club", 
        "fields": {
            "name": "Mittelschule Wilsdruff"
        }
    }, 
    {
        "pk": 309, 
        "model": "windberg_register.club", 
        "fields": {
            "name": "Mittelschule Klingenberg"
        }
    }, 
    {
        "pk": 310, 
        "model": "windberg_register.club", 
        "fields": {
            "name": "Lok Hainsberg - MS Klingenberg"
        }
    }, 
    {
        "pk": 311, 
        "model": "windberg_register.club", 
        "fields": {
            "name": "SV Sachsen M\u00fcglitztal"
        }
    }, 
    {
        "pk": 312, 
        "model": "windberg_register.club", 
        "fields": {
            "name": "Robotron Dresden"
        }
    }, 
    {
        "pk": 313, 
        "model": "windberg_register.club", 
        "fields": {
            "name": "Eislaufverein Dresden"
        }
    }, 
    {
        "pk": 314, 
        "model": "windberg_register.club", 
        "fields": {
            "name": "Kopfj\u00e4ger-Sports Dresden"
        }
    }, 
    {
        "pk": 315, 
        "model": "windberg_register.club", 
        "fields": {
            "name": "SG Wei\u00dfig 1861/Wei\u00dferitzgymn."
        }
    }, 
    {
        "pk": 316, 
        "model": "windberg_register.club", 
        "fields": {
            "name": "Wei\u00dferitzgymn. Freital"
        }
    }, 
    {
        "pk": 317, 
        "model": "windberg_register.club", 
        "fields": {
            "name": "Motor Freital/Wei\u00dferitzgymn."
        }
    }, 
    {
        "pk": 318, 
        "model": "windberg_register.club", 
        "fields": {
            "name": "Taekwondo Verein Freiberg"
        }
    }, 
    {
        "pk": 319, 
        "model": "windberg_register.club", 
        "fields": {
            "name": "LAV Halensia"
        }
    }, 
    {
        "pk": 320, 
        "model": "windberg_register.club", 
        "fields": {
            "name": "OK Team Dresden"
        }
    }, 
    {
        "pk": 321, 
        "model": "windberg_register.club", 
        "fields": {
            "name": "SG Motor Wilsdruff"
        }
    }, 
    {
        "pk": 322, 
        "model": "windberg_register.club", 
        "fields": {
            "name": "Motor Wilsdruff"
        }
    }, 
    {
        "pk": 323, 
        "model": "windberg_register.club", 
        "fields": {
            "name": "SV Wesenitztal e. V."
        }
    }, 
    {
        "pk": 324, 
        "model": "windberg_register.club", 
        "fields": {
            "name": "SMI-Laufgruppe"
        }
    }, 
    {
        "pk": 325, 
        "model": "windberg_register.club", 
        "fields": {
            "name": "MTB-Team Wilsdruff"
        }
    }, 
    {
        "pk": 326, 
        "model": "windberg_register.club", 
        "fields": {
            "name": "JK running"
        }
    }, 
    {
        "pk": 327, 
        "model": "windberg_register.club", 
        "fields": {
            "name": "LOUCNA 956"
        }
    }, 
    {
        "pk": 328, 
        "model": "windberg_register.club", 
        "fields": {
            "name": "Kletterverein Schmiedeberg"
        }
    }, 
    {
        "pk": 329, 
        "model": "windberg_register.club", 
        "fields": {
            "name": "Dresden"
        }
    }, 
    {
        "pk": 330, 
        "model": "windberg_register.club", 
        "fields": {
            "name": "Freital"
        }
    }, 
    {
        "pk": 331, 
        "model": "windberg_register.club", 
        "fields": {
            "name": "Running Team S\u00fc\u00dfmann"
        }
    }, 
    {
        "pk": 332, 
        "model": "windberg_register.club", 
        "fields": {
            "name": "Dippoldiswalde"
        }
    }, 
    {
        "pk": 333, 
        "model": "windberg_register.club", 
        "fields": {
            "name": "VfB Hellerau-Klotzsche"
        }
    }, 
    {
        "pk": 334, 
        "model": "windberg_register.club", 
        "fields": {
            "name": "Moritzburger TV"
        }
    }, 
    {
        "pk": 335, 
        "model": "windberg_register.club", 
        "fields": {
            "name": "SV Helios 24 Dresden"
        }
    }, 
    {
        "pk": 336, 
        "model": "windberg_register.club", 
        "fields": {
            "name": "SG Stahl Schmiedeberg"
        }
    }, 
    {
        "pk": 337, 
        "model": "windberg_register.club", 
        "fields": {
            "name": "Europamarathon-Team G\u00f6rlitz"
        }
    }, 
    {
        "pk": 338, 
        "model": "windberg_register.club", 
        "fields": {
            "name": "Laufgruppe Mohorn"
        }
    }, 
    {
        "pk": 339, 
        "model": "windberg_register.club", 
        "fields": {
            "name": "FSV Clausintz"
        }
    }, 
    {
        "pk": 340, 
        "model": "windberg_register.club", 
        "fields": {
            "name": "Melzers Dream Team"
        }
    }, 
    {
        "pk": 341, 
        "model": "windberg_register.club", 
        "fields": {
            "name": "Mi's L\u00e4uferbande"
        }
    }, 
    {
        "pk": 342, 
        "model": "windberg_register.club", 
        "fields": {
            "name": "FSG Bautzen"
        }
    }, 
    {
        "pk": 343, 
        "model": "windberg_register.club", 
        "fields": {
            "name": "VS Dresden"
        }
    }, 
    {
        "pk": 344, 
        "model": "windberg_register.club", 
        "fields": {
            "name": "Trias Elbflorenz"
        }
    }, 
    {
        "pk": 345, 
        "model": "windberg_register.club", 
        "fields": {
            "name": "TV Forza Ragazzi Dresden"
        }
    }, 
    {
        "pk": 346, 
        "model": "windberg_register.club", 
        "fields": {
            "name": "LG Traktor Gorknitz"
        }
    }, 
    {
        "pk": 347, 
        "model": "windberg_register.club", 
        "fields": {
            "name": "Blau Weis Zschachwitz"
        }
    }, 
    {
        "pk": 348, 
        "model": "windberg_register.club", 
        "fields": {
            "name": "FV Blau Wei\u00df Zschachwitz"
        }
    }, 
    {
        "pk": 349, 
        "model": "windberg_register.club", 
        "fields": {
            "name": "Biketeam Oberlausitz"
        }
    }, 
    {
        "pk": 350, 
        "model": "windberg_register.club", 
        "fields": {
            "name": "LT Nordkreuz Berlin"
        }
    }, 
    {
        "pk": 351, 
        "model": "windberg_register.club", 
        "fields": {
            "name": "Niedersch\u00f6na"
        }
    }, 
    {
        "pk": 352, 
        "model": "windberg_register.club", 
        "fields": {
            "name": "Volkssport Dohna"
        }
    }, 
    {
        "pk": 353, 
        "model": "windberg_register.club", 
        "fields": {
            "name": "Chemie N\u00fcnchritz"
        }
    }, 
    {
        "pk": 354, 
        "model": "windberg_register.club", 
        "fields": {
            "name": "Wachau"
        }
    }, 
    {
        "pk": 355, 
        "model": "windberg_register.club", 
        "fields": {
            "name": "Heidenau"
        }
    }, 
    {
        "pk": 356, 
        "model": "windberg_register.club", 
        "fields": {
            "name": "Pirna"
        }
    }, 
    {
        "pk": 357, 
        "model": "windberg_register.club", 
        "fields": {
            "name": "Gohlis"
        }
    }, 
    {
        "pk": 358, 
        "model": "windberg_register.club", 
        "fields": {
            "name": "Kamenz"
        }
    }, 
    {
        "pk": 359, 
        "model": "windberg_register.club", 
        "fields": {
            "name": "SSV Neuhausen"
        }
    }, 
    {
        "pk": 360, 
        "model": "windberg_register.club", 
        "fields": {
            "name": "Alpiner Skiclub Dresden"
        }
    }, 
    {
        "pk": 361, 
        "model": "windberg_register.club", 
        "fields": {
            "name": "TSV Freiberg"
        }
    }, 
    {
        "pk": 362, 
        "model": "windberg_register.club", 
        "fields": {
            "name": "Halle"
        }
    }, 
    {
        "pk": 363, 
        "model": "windberg_register.club", 
        "fields": {
            "name": "Zittau"
        }
    }, 
    {
        "pk": 364, 
        "model": "windberg_register.club", 
        "fields": {
            "name": "Radebeul"
        }
    }, 
    {
        "pk": 365, 
        "model": "windberg_register.club", 
        "fields": {
            "name": "GM RLV"
        }
    }, 
    {
        "pk": 366, 
        "model": "windberg_register.club", 
        "fields": {
            "name": "Bautzen"
        }
    }, 
    {
        "pk": 367, 
        "model": "windberg_register.club", 
        "fields": {
            "name": "Bobritzsch"
        }
    }, 
    {
        "pk": 368, 
        "model": "windberg_register.club", 
        "fields": {
            "name": "Ottendorf-Okrilla"
        }
    }, 
    {
        "pk": 369, 
        "model": "windberg_register.club", 
        "fields": {
            "name": "M\u00fcglitztal"
        }
    }, 
    {
        "pk": 370, 
        "model": "windberg_register.club", 
        "fields": {
            "name": "Sadisdorf"
        }
    }, 
    {
        "pk": 371, 
        "model": "windberg_register.club", 
        "fields": {
            "name": "Dohna"
        }
    }, 
    {
        "pk": 372, 
        "model": "windberg_register.club", 
        "fields": {
            "name": "Panketal"
        }
    }, 
    {
        "pk": 373, 
        "model": "windberg_register.club", 
        "fields": {
            "name": "SV Wesenitztal"
        }
    }, 
    {
        "pk": 374, 
        "model": "windberg_register.club", 
        "fields": {
            "name": "SV Kreuzschule Dresden"
        }
    }, 
    {
        "pk": 375, 
        "model": "windberg_register.club", 
        "fields": {
            "name": "Schieferein Fl\u00fcgelradaude"
        }
    }, 
    {
        "pk": 376, 
        "model": "windberg_register.club", 
        "fields": {
            "name": "Volksport Meissen"
        }
    }, 
    {
        "pk": 377, 
        "model": "windberg_register.club", 
        "fields": {
            "name": "Oschatz"
        }
    }, 
    {
        "pk": 378, 
        "model": "windberg_register.club", 
        "fields": {
            "name": "LV90 Thuben"
        }
    }, 
    {
        "pk": 379, 
        "model": "windberg_register.club", 
        "fields": {
            "name": "LV90 Thum"
        }
    }, 
    {
        "pk": 380, 
        "model": "windberg_register.club", 
        "fields": {
            "name": "LG Vogtland"
        }
    }, 
    {
        "pk": 381, 
        "model": "windberg_register.club", 
        "fields": {
            "name": "Meusegast"
        }
    }, 
    {
        "pk": 382, 
        "model": "windberg_register.club", 
        "fields": {
            "name": "BW Gr\u00f6ditz"
        }
    }, 
    {
        "pk": 383, 
        "model": "windberg_register.club", 
        "fields": {
            "name": "Asics Pirna"
        }
    }, 
    {
        "pk": 384, 
        "model": "windberg_register.club", 
        "fields": {
            "name": "SV Fl\u00fcgelradbaude"
        }
    }, 
    {
        "pk": 385, 
        "model": "windberg_register.club", 
        "fields": {
            "name": "SG Weissig"
        }
    }, 
    {
        "pk": 386, 
        "model": "windberg_register.club", 
        "fields": {
            "name": "DSC 1898 Schwimmen"
        }
    }, 
    {
        "pk": 387, 
        "model": "windberg_register.club", 
        "fields": {
            "name": "SV Panschwitz"
        }
    }, 
    {
        "pk": 388, 
        "model": "windberg_register.club", 
        "fields": {
            "name": "Ren(n)tiere Miltitz"
        }
    }, 
    {
        "pk": 389, 
        "model": "windberg_register.club", 
        "fields": {
            "name": "Meissen"
        }
    }, 
    {
        "pk": 390, 
        "model": "windberg_register.club", 
        "fields": {
            "name": "SV Chemie Dona"
        }
    }, 
    {
        "pk": 391, 
        "model": "windberg_register.club", 
        "fields": {
            "name": "Mittwochs Tauchteam"
        }
    }, 
    {
        "pk": 392, 
        "model": "windberg_register.club", 
        "fields": {
            "name": "Freizeitsport Dresden"
        }
    }, 
    {
        "pk": 393, 
        "model": "windberg_register.club", 
        "fields": {
            "name": "TC BW DD Blasewitz"
        }
    }, 
    {
        "pk": 394, 
        "model": "windberg_register.club", 
        "fields": {
            "name": "Tiathlonverein Dresden"
        }
    }, 
    {
        "pk": 395, 
        "model": "windberg_register.club", 
        "fields": {
            "name": "Volkssport Pratschwitz"
        }
    }, 
    {
        "pk": 396, 
        "model": "windberg_register.club", 
        "fields": {
            "name": "Wacker Laubegast"
        }
    }, 
    {
        "pk": 397, 
        "model": "windberg_register.club", 
        "fields": {
            "name": "MTV Wohnste"
        }
    }, 
    {
        "pk": 398, 
        "model": "windberg_register.club", 
        "fields": {
            "name": "Melzers Dreamteam"
        }
    }, 
    {
        "pk": 399, 
        "model": "windberg_register.club", 
        "fields": {
            "name": "Sebnitzer RV"
        }
    }, 
    {
        "pk": 400, 
        "model": "windberg_register.club", 
        "fields": {
            "name": "Gro\u00dfcycle-Limbach"
        }
    }, 
    {
        "pk": 401, 
        "model": "windberg_register.club", 
        "fields": {
            "name": "Hartholz Hainsberg"
        }
    }, 
    {
        "pk": 402, 
        "model": "windberg_register.club", 
        "fields": {
            "name": "Skiverein Fl\u00fcgelradbaude"
        }
    }, 
    {
        "pk": 403, 
        "model": "windberg_register.club", 
        "fields": {
            "name": "meinsport.Lauftreff"
        }
    }, 
    {
        "pk": 404, 
        "model": "windberg_register.club", 
        "fields": {
            "name": "dresden gsv"
        }
    }, 
    {
        "pk": 405, 
        "model": "windberg_register.club", 
        "fields": {
            "name": "gsv dresden"
        }
    }, 
    {
        "pk": 406, 
        "model": "windberg_register.club", 
        "fields": {
            "name": "zentsch laufcoaching"
        }
    }, 
    {
        "pk": 407, 
        "model": "windberg_register.club", 
        "fields": {
            "name": "Kopfjaeger-Sports e.V."
        }
    }
]
