[{"pk": 1, "model": "windberg_register.start", "fields": {"start_time": "10:00:00", "runs": [1], "creation_date": "2012-05-06"}}, {"pk": 2, "model": "windberg_register.start", "fields": {"start_time": "10:05:00", "runs": [2], "creation_date": "2012-05-06"}}, {"pk": 3, "model": "windberg_register.start", "fields": {"start_time": "10:10:00", "runs": [3], "creation_date": "2012-05-06"}}, {"pk": 4, "model": "windberg_register.start", "fields": {"start_time": "10:20:00", "runs": [4], "creation_date": "2012-05-06"}}, {"pk": 5, "model": "windberg_register.start", "fields": {"start_time": "10:25:00", "runs": [5, 6, 7, 8, 9, 10], "creation_date": "2012-05-06"}}, {"pk": 6, "model": "windberg_register.start", "fields": {"start_time": "10:45:00", "runs": [11], "creation_date": "2012-05-06"}}, {"pk": 7, "model": "windberg_register.start", "fields": {"start_time": "10:50:00", "runs": [12], "creation_date": "2012-05-06"}}, {"pk": 8, "model": "windberg_register.start", "fields": {"start_time": "10:55:00", "runs": [13, 14], "creation_date": "2012-05-06"}}, {"pk": 9, "model": "windberg_register.start", "fields": {"start_time": "11:05:00", "runs": [15], "creation_date": "2012-05-06"}}, {"pk": 10, "model": "windberg_register.start", "fields": {"start_time": "11:15:00", "runs": [16, 17, 18], "creation_date": "2012-05-06"}}, {"pk": 11, "model": "windberg_register.start", "fields": {"start_time": "11:25:00", "runs": [19, 20], "creation_date": "2012-05-06"}}, {"pk": 12, "model": "windberg_register.start", "fields": {"start_time": "12:00:00", "runs": [21], "creation_date": "2012-05-06"}}, {"pk": 1, "model": "windberg_register.run", "fields": {"distance": 800, "possible_ages": [35], "name": "800m WK U10", "has_ages": false}}, {"pk": 2, "model": "windberg_register.run", "fields": {"distance": 800, "possible_ages": [39], "name": "800m WK U12", "has_ages": false}}, {"pk": 3, "model": "windberg_register.run", "fields": {"distance": 1000, "possible_ages": [35], "name": "1.000m MK U10", "has_ages": false}}, {"pk": 4, "model": "windberg_register.run", "fields": {"distance": 1000, "possible_ages": [39], "name": "1.000m MK U12", "has_ages": false}}, {"pk": 5, "model": "windberg_register.run", "fields": {"distance": 3000, "possible_ages": [29], "name": "3km m\u00e4nnliche Jugend U18", "has_ages": false}}, {"pk": 6, "model": "windberg_register.run", "fields": {"distance": 3000, "possible_ages": [30], "name": "3km m\u00e4nnliche Jugend U20", "has_ages": false}}, {"pk": 7, "model": "windberg_register.run", "fields": {"distance": 3000, "possible_ages": [41], "name": "3km M\u00e4nner offene Klasse", "has_ages": false}}, {"pk": 8, "model": "windberg_register.run", "fields": {"distance": 3000, "possible_ages": [8, 9, 10, 11, 12], "name": "3km M65 bis M85", "has_ages": true}}, {"pk": 9, "model": "windberg_register.run", "fields": {"distance": 3000, "possible_ages": [42], "name": "3km Frauen offene Klasse", "has_ages": false}}, {"pk": 10, "model": "windberg_register.run", "fields": {"distance": 3000, "possible_ages": [19, 20, 21, 22, 23, 24], "name": "3km W60 bis W85", "has_ages": true}}, {"pk": 11, "model": "windberg_register.run", "fields": {"distance": 1000, "possible_ages": [31], "name": "1.000m WJ U14", "has_ages": false}}, {"pk": 12, "model": "windberg_register.run", "fields": {"distance": 1000, "possible_ages": [32], "name": "1.000m weibliche Jugend U16", "has_ages": false}}, {"pk": 13, "model": "windberg_register.run", "fields": {"distance": 600, "possible_ages": [37], "name": "600m m\u00e4nnliche Kinder U8", "has_ages": false}}, {"pk": 14, "model": "windberg_register.run", "fields": {"distance": 600, "possible_ages": [40], "name": "600m weibliche Kinder U8", "has_ages": false}}, {"pk": 15, "model": "windberg_register.run", "fields": {"distance": 1500, "possible_ages": [27], "name": "1,5km MJ U14", "has_ages": false}}, {"pk": 16, "model": "windberg_register.run", "fields": {"distance": 2000, "possible_ages": [28], "name": "2km m\u00e4nnliche Jugend U16", "has_ages": false}}, {"pk": 17, "model": "windberg_register.run", "fields": {"distance": 2000, "possible_ages": [33], "name": "2km weibliche Jugend U18", "has_ages": false}}, {"pk": 18, "model": "windberg_register.run", "fields": {"distance": 2000, "possible_ages": [34], "name": "2km weibliche Jugend U20", "has_ages": false}}, {"pk": 19, "model": "windberg_register.run", "fields": {"distance": 6000, "possible_ages": [13, 14, 15, 16, 17, 18, 26], "name": "6km Frauen bis W55", "has_ages": true}}, {"pk": 20, "model": "windberg_register.run", "fields": {"distance": 6000, "possible_ages": [5, 6, 7], "name": "6km M50 bis M60", "has_ages": true}}, {"pk": 21, "model": "windberg_register.run", "fields": {"distance": 8000, "possible_ages": [1, 2, 3, 4, 25], "name": "8km M\u00e4nner bis M45", "has_ages": true}}, {"pk": 1, "model": "windberg_register.version", "fields": {"date": "2013-11-03", "starts": [1, 2, 3, 4, 5, 6, 7, 8, 9, 10, 11, 12], "net_end": "2013-10-13"}}, {"pk": 1, "model": "windberg_register.agegroup", "fields": {"max_age": 34, "short": "M30", "is_pseudo": false, "name": "Senioren M30", "gender": "M", "min_age": 30, "is_detail": false}}, {"pk": 2, "model": "windberg_register.agegroup", "fields": {"max_age": 39, "short": "M35", "is_pseudo": false, "name": "Senioren M35", "gender": "M", "min_age": 35, "is_detail": false}}, {"pk": 3, "model": "windberg_register.agegroup", "fields": {"max_age": 44, "short": "M40", "is_pseudo": false, "name": "Senioren M40", "gender": "M", "min_age": 40, "is_detail": false}}, {"pk": 4, "model": "windberg_register.agegroup", "fields": {"max_age": 49, "short": "M45", "is_pseudo": false, "name": "Senioren M45", "gender": "M", "min_age": 45, "is_detail": false}}, {"pk": 5, "model": "windberg_register.agegroup", "fields": {"max_age": 54, "short": "M50", "is_pseudo": false, "name": "Senioren M50", "gender": "M", "min_age": 50, "is_detail": false}}, {"pk": 6, "model": "windberg_register.agegroup", "fields": {"max_age": 59, "short": "M55", "is_pseudo": false, "name": "Senioren M55", "gender": "M", "min_age": 55, "is_detail": false}}, {"pk": 7, "model": "windberg_register.agegroup", "fields": {"max_age": 64, "short": "M60", "is_pseudo": false, "name": "Senioren M60", "gender": "M", "min_age": 60, "is_detail": false}}, {"pk": 8, "model": "windberg_register.agegroup", "fields": {"max_age": 69, "short": "M65", "is_pseudo": false, "name": "Senioren M65", "gender": "M", "min_age": 65, "is_detail": false}}, {"pk": 9, "model": "windberg_register.agegroup", "fields": {"max_age": 74, "short": "M70", "is_pseudo": false, "name": "Senioren M70", "gender": "M", "min_age": 70, "is_detail": false}}, {"pk": 10, "model": "windberg_register.agegroup", "fields": {"max_age": 79, "short": "M75", "is_pseudo": false, "name": "Senioren M75", "gender": "M", "min_age": 75, "is_detail": false}}, {"pk": 11, "model": "windberg_register.agegroup", "fields": {"max_age": 84, "short": "M80", "is_pseudo": false, "name": "Senioren M80", "gender": "M", "min_age": 80, "is_detail": false}}, {"pk": 12, "model": "windberg_register.agegroup", "fields": {"max_age": 115, "short": "M85", "is_pseudo": false, "name": "Senioren M85", "gender": "M", "min_age": 85, "is_detail": false}}, {"pk": 13, "model": "windberg_register.agegroup", "fields": {"max_age": 34, "short": "W30", "is_pseudo": false, "name": "Seniorinnen W30", "gender": "F", "min_age": 30, "is_detail": false}}, {"pk": 14, "model": "windberg_register.agegroup", "fields": {"max_age": 39, "short": "W35", "is_pseudo": false, "name": "Seniorinnen W35", "gender": "F", "min_age": 35, "is_detail": false}}, {"pk": 15, "model": "windberg_register.agegroup", "fields": {"max_age": 44, "short": "W40", "is_pseudo": false, "name": "Seniorinnen W40", "gender": "F", "min_age": 40, "is_detail": false}}, {"pk": 16, "model": "windberg_register.agegroup", "fields": {"max_age": 49, "short": "W45", "is_pseudo": false, "name": "Seniorinnen W45", "gender": "F", "min_age": 45, "is_detail": false}}, {"pk": 17, "model": "windberg_register.agegroup", "fields": {"max_age": 54, "short": "W50", "is_pseudo": false, "name": "Seniorinnen W50", "gender": "F", "min_age": 50, "is_detail": false}}, {"pk": 18, "model": "windberg_register.agegroup", "fields": {"max_age": 59, "short": "W55", "is_pseudo": false, "name": "Seniorinnen W55", "gender": "F", "min_age": 55, "is_detail": false}}, {"pk": 19, "model": "windberg_register.agegroup", "fields": {"max_age": 64, "short": "W60", "is_pseudo": false, "name": "Seniorinnen W60", "gender": "F", "min_age": 60, "is_detail": false}}, {"pk": 20, "model": "windberg_register.agegroup", "fields": {"max_age": 69, "short": "W65", "is_pseudo": false, "name": "Seniorinnen W65", "gender": "F", "min_age": 65, "is_detail": false}}, {"pk": 21, "model": "windberg_register.agegroup", "fields": {"max_age": 74, "short": "W70", "is_pseudo": false, "name": "Seniorinnen W70", "gender": "F", "min_age": 70, "is_detail": false}}, {"pk": 22, "model": "windberg_register.agegroup", "fields": {"max_age": 79, "short": "W75", "is_pseudo": false, "name": "Seniorinnen W75", "gender": "F", "min_age": 75, "is_detail": false}}, {"pk": 23, "model": "windberg_register.agegroup", "fields": {"max_age": 84, "short": "W80", "is_pseudo": false, "name": "Seniorinnen W80", "gender": "F", "min_age": 80, "is_detail": false}}, {"pk": 24, "model": "windberg_register.agegroup", "fields": {"max_age": 115, "short": "W85", "is_pseudo": false, "name": "Seniorinnen W85", "gender": "F", "min_age": 85, "is_detail": false}}, {"pk": 25, "model": "windberg_register.agegroup", "fields": {"max_age": 29, "short": "M20", "is_pseudo": false, "name": "M\u00e4nner M20", "gender": "M", "min_age": 20, "is_detail": false}}, {"pk": 26, "model": "windberg_register.agegroup", "fields": {"max_age": 29, "short": "W20", "is_pseudo": false, "name": "Frauen W20", "gender": "F", "min_age": 20, "is_detail": false}}, {"pk": 27, "model": "windberg_register.agegroup", "fields": {"max_age": 13, "short": "MJ U14", "is_pseudo": false, "name": "m\u00e4nnliche Jugend U14", "gender": "M", "min_age": 12, "is_detail": false}}, {"pk": 28, "model": "windberg_register.agegroup", "fields": {"max_age": 15, "short": "MJ U16", "is_pseudo": false, "name": "m\u00e4nnliche Jugend U16", "gender": "M", "min_age": 14, "is_detail": false}}, {"pk": 29, "model": "windberg_register.agegroup", "fields": {"max_age": 17, "short": "MJ U18", "is_pseudo": false, "name": "m\u00e4nnliche Jugend U18", "gender": "M", "min_age": 16, "is_detail": false}}, {"pk": 30, "model": "windberg_register.agegroup", "fields": {"max_age": 19, "short": "MJ U20", "is_pseudo": false, "name": "m\u00e4nnliche Jugend U20", "gender": "M", "min_age": 18, "is_detail": false}}, {"pk": 31, "model": "windberg_register.agegroup", "fields": {"max_age": 13, "short": "WJ U14", "is_pseudo": false, "name": "weibliche Jugend U14", "gender": "F", "min_age": 12, "is_detail": false}}, {"pk": 32, "model": "windberg_register.agegroup", "fields": {"max_age": 15, "short": "WJ U16", "is_pseudo": false, "name": "weibliche Jugend U16", "gender": "F", "min_age": 14, "is_detail": false}}, {"pk": 33, "model": "windberg_register.agegroup", "fields": {"max_age": 17, "short": "WJ U18", "is_pseudo": false, "name": "weibliche Jugend U18", "gender": "F", "min_age": 16, "is_detail": false}}, {"pk": 34, "model": "windberg_register.agegroup", "fields": {"max_age": 19, "short": "WJ U20", "is_pseudo": false, "name": "weibliche Jugend U20", "gender": "F", "min_age": 18, "is_detail": false}}, {"pk": 35, "model": "windberg_register.agegroup", "fields": {"max_age": 9, "short": "MK U10", "is_pseudo": false, "name": "m\u00e4nnliche Kinder U10", "gender": "M", "min_age": 8, "is_detail": false}}, {"pk": 36, "model": "windberg_register.agegroup", "fields": {"max_age": 11, "short": "MK U12", "is_pseudo": false, "name": "m\u00e4nnliche Kinder U12", "gender": "M", "min_age": 10, "is_detail": false}}, {"pk": 37, "model": "windberg_register.agegroup", "fields": {"max_age": 7, "short": "MK U8", "is_pseudo": false, "name": "m\u00e4nnliche Kinder U8", "gender": "M", "min_age": 0, "is_detail": false}}, {"pk": 38, "model": "windberg_register.agegroup", "fields": {"max_age": 9, "short": "WK U10", "is_pseudo": false, "name": "weibliche Kinder U10", "gender": "F", "min_age": 8, "is_detail": false}}, {"pk": 39, "model": "windberg_register.agegroup", "fields": {"max_age": 11, "short": "WK U12", "is_pseudo": false, "name": "weibliche Kinder U12", "gender": "F", "min_age": 10, "is_detail": false}}, {"pk": 40, "model": "windberg_register.agegroup", "fields": {"max_age": 7, "short": "WK U8", "is_pseudo": false, "name": "weibliche Kinder U8", "gender": "F", "min_age": 0, "is_detail": false}}, {"pk": 41, "model": "windberg_register.agegroup", "fields": {"max_age": 150, "short": "M", "is_pseudo": true, "name": "M\u00e4nner offene Klasse", "gender": "M", "min_age": 20, "is_detail": false}}, {"pk": 42, "model": "windberg_register.agegroup", "fields": {"max_age": 150, "short": "W", "is_pseudo": true, "name": "Frauen offene Klasse", "gender": "F", "min_age": 20, "is_detail": false}}]